<?xml version="1.0" encoding="ISO-8859-1" standalone="no"?>
<robot>
<suite id="TS_Lyric_001" name="Optik TV_AUTOMATION_SUITE">
<test name="As a user I want to verify guest flows">
<kw name="When  : user in to the Optiktv basic flow" type="kw">
<msg html="yes" level="INFO" timestamp="20211104 05:10:45.513">&lt;b&gt;[PASS]&lt;/b&gt; [Set App Environment ] : Default environment is production</msg>
<msg html="yes" level="INFO" timestamp="20211104 05:11:03.400">&lt;b&gt;[PASS]&lt;/b&gt; Click on Element : Successfully click on XPATH://*[@resource-id='com.optiktv:id/enter_guest_mode']</msg>
<msg html="yes" level="INFO" timestamp="20211104 05:11:03.410">&lt;b&gt;[PASS]&lt;/b&gt; Tapped on Guest Mode</msg>
<msg html="yes" level="INFO" timestamp="20211104 05:11:05.420">&lt;b&gt;[PASS]&lt;/b&gt; Click on Element : Successfully click on XPATH://*[@text='On Demand']</msg>
<msg html="yes" level="INFO" timestamp="20211104 05:11:05.429">&lt;b&gt;[PASS]&lt;/b&gt; Tapped on demand and entered movie section</msg>
<msg html="yes" level="INFO" timestamp="20211104 05:12:21.679">&lt;b&gt;[PASS]&lt;/b&gt; Successfully navigated to Optiktv app flows</msg>
<status critical="yes" endtime="20211104 05:12:21.682" starttime="20211104 05:09:36.962" status="PASS"/>
</kw>
<tags>
<tag>TestName::As a user I want to verify guest flows</tag>
<tag>Group::Optiktvguestflow</tag>
<tag>SolutionCategory::Optik TV_AUTOMATION_EXECUTION</tag>
<tag>DeviceType::Perfecto_Private-device</tag>
<tag>TargetName::Samsung Galaxy S7 Edge</tag>
<tag>DeviceSize::Android_Medium</tag>
<tag>OperatingSystem::Android-8.0.0</tag>
<tag>CloudEnvironment::Production</tag>
<tag>AccessoryName::thegentlerajesh@gmail.com</tag>
<tag>BuildNumber:: Android - optiktvmarch2</tag>
<tag>TestReportURL::http://atresultserver.honeywell.com:8080/results/Optik_TV_AUTOMATION_SUITE_2021_11_04_05_09_35/rebot/report.html#tags?Group::As a user I want to verify guest flows</tag>
</tags>
<status critical="yes" endtime="20211104 05:12:21.690" starttime="20211104 05:09:36.947" status="PASS"/>
<kw name="Parameter Information" type="for">
<status critical="yes" endtime="20211104 05:12:22.245" starttime="20211104 05:09:36.947" status="PASS"/>
<msg html="yes" level="INFO">&lt;/td&gt;&lt;/tr&gt;&lt;tr&gt;&lt;th colspan='3'&gt;Following are the Parameters Passed to the Test Case&lt;/th&gt;&lt;td&gt;&lt;/td&gt;&lt;/tr&gt;&lt;tr&gt;&lt;th colspan='2'&gt;Framework version : &lt;/th&gt;&lt;td colspan='2'&gt;null - null&lt;/td&gt;&lt;/tr&gt;&lt;tr&gt;&lt;th colspan='2'&gt;Acquition Type : &lt;/th&gt;&lt;td colspan='2'&gt;Automatic&lt;/td&gt;&lt;/tr&gt;&lt;tr&gt;&lt;th colspan='2'&gt;Device Name : &lt;/th&gt;&lt;td colspan='2'&gt;Samsung Galaxy S7 Edge&lt;/td&gt;&lt;/tr&gt;&lt;tr&gt;&lt;th colspan='2'&gt;Device Type : &lt;/th&gt;&lt;td colspan='2'&gt;Device&lt;/td&gt;&lt;/tr&gt;&lt;tr&gt;&lt;th colspan='2'&gt;Account Type : &lt;/th&gt;&lt;td colspan='2'&gt;thegentlerajesh@gmail.com&lt;/td&gt;&lt;/tr&gt;&lt;tr&gt;&lt;th colspan='2'&gt;Device Platform Version : &lt;/th&gt;&lt;td colspan='2'&gt;Android - 8.0.0&lt;/td&gt;&lt;/tr&gt;&lt;tr&gt;&lt;th colspan='2'&gt;App Version : &lt;/th&gt;&lt;td colspan='2'&gt;5.6&lt;/td&gt;&lt;/tr&gt;</msg>
</kw>
</test>
<status critical="yes" endtime="20211104 05:12:46.362" starttime="20211104 05:12:46.335" status="FAIL"/>
</suite>
</robot>
